/* ---------------------------------------------------- */ 
/*  Generated by Enterprise Architect Version 15.0      */ 
/*  Created On : 21-abr.-2026 10:29:50 p. m.            */ 
/*  DBMS       : PostgreSQL                              */ 
/* ---------------------------------------------------- */ 

/* Drop Tables */ 

DROP TABLE IF EXISTS "Administrador" CASCADE;
DROP TABLE IF EXISTS "Alquiler" CASCADE;
DROP TABLE IF EXISTS "Categoria_vehiculo" CASCADE;
DROP TABLE IF EXISTS "Cliente" CASCADE;
DROP TABLE IF EXISTS "Empleado" CASCADE;
DROP TABLE IF EXISTS "Mantenimiento" CASCADE;
DROP TABLE IF EXISTS "Multa" CASCADE;
DROP TABLE IF EXISTS "Pago" CASCADE;
DROP TABLE IF EXISTS "Reserva" CASCADE;
DROP TABLE IF EXISTS "Sucursal" CASCADE;
DROP TABLE IF EXISTS "Usuario" CASCADE;
DROP TABLE IF EXISTS "Vehiculo" CASCADE;

/* Create Tables */ 

CREATE TABLE "Administrador"
(
    documento integer NOT NULL,
    nivel_acceso varchar(50) NOT NULL,
    id_usuario integer NOT NULL
);

CREATE TABLE "Alquiler"
(
    id_alquiler integer NOT NULL,
    fecha_inicio date NOT NULL,
    fecha_fin date NOT NULL,
    estado varchar(15) NOT NULL,
    id_vehiculo integer NOT NULL,
    id_usuario integer NULL
);

CREATE TABLE "Categoria_vehiculo"
(
    id_categoria integer NOT NULL,
    nombre_categoria varchar(50) NOT NULL,
    descripcion varchar(150) NOT NULL
);

CREATE TABLE "Cliente"
(
    documento integer NOT NULL,
    direccion varchar(50) NOT NULL,
    licencia_conduccion varchar(50) NOT NULL,
    id_usuario integer NOT NULL
);

CREATE TABLE "Empleado"
(
    salario numeric(10,2) NOT NULL,
    documento integer NOT NULL,
    cargo varchar(50) NOT NULL,
    id_usuario integer NOT NULL,
    id_sucursal integer NOT NULL
);

CREATE TABLE "Mantenimiento"
(
    id_mantenimiento integer NOT NULL,
    fecha date NOT NULL,
    descripcion varchar(200) NOT NULL,
    costo numeric(10,2) NOT NULL,
    id_vehiculo integer NOT NULL
);

CREATE TABLE "Multa"
(
    id_multa integer NOT NULL,
    descripcion varchar(250) NOT NULL,
    monto numeric(10,2) NOT NULL,
    fecha date NOT NULL,
    id_alquiler integer NOT NULL
);

CREATE TABLE "Pago"
(
    id_pago integer NOT NULL,
    fecha_pago date NOT NULL,
    monto numeric(10,2) NOT NULL,
    metodo_pago varchar(50) NOT NULL,
    estado varchar(15) NOT NULL,
    id_alquiler integer NOT NULL
);

CREATE TABLE "Reserva"
(
    id_reserva integer NOT NULL,
    fecha_inicio date NOT NULL,
    fecha_fin date NOT NULL,
    estado varchar(15) NOT NULL,
    id_vehiculo integer NOT NULL,
    id_usuario integer NULL
);

CREATE TABLE "Sucursal"
(
    id_sucursal integer NOT NULL,
    ciudad varchar(50) NOT NULL,
    telefono varchar(50) NOT NULL,
    nombre varchar(50) NOT NULL,
    direccion varchar(50) NOT NULL
);

CREATE TABLE "Usuario"
(
    id_usuario integer NOT NULL,
    nombre varchar(50) NOT NULL,
    apellido varchar(50) NOT NULL,
    telefono varchar(50) NOT NULL,
    email varchar(50) NOT NULL,
    password varchar(50) NOT NULL,
    username varchar(50) NOT NULL,
    estado varchar(50) NOT NULL,
    fecha_registro date NOT NULL
);

CREATE TABLE "Vehiculo"
(
    id_vehiculo integer NOT NULL,
    placa varchar(6) NOT NULL,
    marca varchar(50) NOT NULL,
    "año" integer NOT NULL,
    modelo varchar(50) NOT NULL,
    color varchar(50) NOT NULL,
    kilometraje integer NOT NULL,
    precio_dia numeric NOT NULL,
    estado varchar(15) NOT NULL,
    id_categoria integer NOT NULL,
    id_sucursal integer NOT NULL
);

/* Create Primary Keys, Indexes, Uniques, Checks */ 

ALTER TABLE "Administrador" ADD CONSTRAINT "PK_Administrador" PRIMARY KEY (id_usuario);
CREATE INDEX "IXFK_Administrador_Usuario" ON "Administrador" (id_usuario ASC);

ALTER TABLE "Alquiler" ADD CONSTRAINT "PK_Alquiler" PRIMARY KEY (id_alquiler);
CREATE INDEX "IXFK_Alquiler_Cliente" ON "Alquiler" (id_usuario ASC);
CREATE INDEX "IXFK_Alquiler_Vehiculo" ON "Alquiler" (id_vehiculo ASC);

ALTER TABLE "Categoria_vehiculo" ADD CONSTRAINT "PK_Categoria_vehiculo" PRIMARY KEY (id_categoria);

ALTER TABLE "Cliente" ADD CONSTRAINT "PK_Cliente" PRIMARY KEY (id_usuario);
CREATE INDEX "IXFK_Cliente_Usuario" ON "Cliente" (id_usuario ASC);

ALTER TABLE "Empleado" ADD CONSTRAINT "PK_Empleado" PRIMARY KEY (id_usuario);
CREATE INDEX "IXFK_Empleado_Sucursal" ON "Empleado" (id_sucursal ASC);
CREATE INDEX "IXFK_Empleado_Usuario" ON "Empleado" (id_usuario ASC);

ALTER TABLE "Mantenimiento" ADD CONSTRAINT "PK_Mantenimiento" PRIMARY KEY (id_mantenimiento);
CREATE INDEX "IXFK_Mantenimiento_Vehiculo" ON "Mantenimiento" (id_vehiculo ASC);

ALTER TABLE "Multa" ADD CONSTRAINT "PK_Multa" PRIMARY KEY (id_multa);
CREATE INDEX "IXFK_Multa_Alquiler" ON "Multa" (id_alquiler ASC);

ALTER TABLE "Pago" ADD CONSTRAINT "PK_Pago" PRIMARY KEY (id_pago);
CREATE INDEX "IXFK_Pago_Alquiler" ON "Pago" (id_alquiler ASC);

ALTER TABLE "Reserva" ADD CONSTRAINT "PK_Reserva" PRIMARY KEY (id_reserva);
CREATE INDEX "IXFK_Reserva_Cliente" ON "Reserva" (id_usuario ASC);
CREATE INDEX "IXFK_Reserva_Vehiculo" ON "Reserva" (id_vehiculo ASC);

ALTER TABLE "Sucursal" ADD CONSTRAINT "PK_Sucursal" PRIMARY KEY (id_sucursal);
ALTER TABLE "Usuario" ADD CONSTRAINT "PK_Usuario" PRIMARY KEY (id_usuario);
ALTER TABLE "Vehiculo" ADD CONSTRAINT "PK_Vehiculo" PRIMARY KEY (id_vehiculo);

CREATE INDEX "IXFK_Vehiculo_Categoria_vehiculo" ON "Vehiculo" (id_categoria ASC);
CREATE INDEX "IXFK_Vehiculo_Sucursal" ON "Vehiculo" (id_sucursal ASC);

/* Create Foreign Key Constraints */ 

ALTER TABLE "Administrador" ADD CONSTRAINT "FK_Administrador_Usuario"
    FOREIGN KEY (id_usuario) REFERENCES "Usuario" (id_usuario) ON DELETE No Action ON UPDATE No Action;

ALTER TABLE "Alquiler" ADD CONSTRAINT "FK_Alquiler_Cliente"
    FOREIGN KEY (id_usuario) REFERENCES "Cliente" (id_usuario) ON DELETE No Action ON UPDATE No Action;

ALTER TABLE "Alquiler" ADD CONSTRAINT "FK_Alquiler_Vehiculo"
    FOREIGN KEY (id_vehiculo) REFERENCES "Vehiculo" (id_vehiculo) ON DELETE No Action ON UPDATE No Action;

ALTER TABLE "Alquiler" ADD CONSTRAINT "CHK_Alquiler_Fechas"
    CHECK (fecha_fin > fecha_inicio);

ALTER TABLE "Alquiler" ADD CONSTRAINT "CHK_Alquiler_Estado"
    CHECK (estado IN ('Activo', 'Finalizado', 'Cancelado'));

ALTER TABLE "Cliente" ADD CONSTRAINT "FK_Cliente_Usuario"
    FOREIGN KEY (id_usuario) REFERENCES "Usuario" (id_usuario) ON DELETE No Action ON UPDATE No Action;

ALTER TABLE "Empleado" ADD CONSTRAINT "FK_Empleado_Sucursal"
    FOREIGN KEY (id_sucursal) REFERENCES "Sucursal" (id_sucursal) ON DELETE No Action ON UPDATE No Action;

ALTER TABLE "Empleado" ADD CONSTRAINT "FK_Empleado_Usuario"
    FOREIGN KEY (id_usuario) REFERENCES "Usuario" (id_usuario) ON DELETE No Action ON UPDATE No Action;

ALTER TABLE "Mantenimiento" ADD CONSTRAINT "FK_Mantenimiento_Vehiculo"
    FOREIGN KEY (id_vehiculo) REFERENCES "Vehiculo" (id_vehiculo) ON DELETE No Action ON UPDATE No Action;

ALTER TABLE "Mantenimiento" ADD CONSTRAINT "CHK_Mantenimiento_Costo"
    CHECK (costo >= 0);

ALTER TABLE "Multa" ADD CONSTRAINT "FK_Multa_Alquiler"
    FOREIGN KEY (id_alquiler) REFERENCES "Alquiler" (id_alquiler) ON DELETE No Action ON UPDATE No Action;

ALTER TABLE "Pago" ADD CONSTRAINT "FK_Pago_Alquiler"
    FOREIGN KEY (id_alquiler) REFERENCES "Alquiler" (id_alquiler) ON DELETE No Action ON UPDATE No Action;

ALTER TABLE "Pago" ADD CONSTRAINT "CHK_Pago_Monto"
    CHECK (monto > 0);

ALTER TABLE "Reserva" ADD CONSTRAINT "FK_Reserva_Cliente"
    FOREIGN KEY (id_usuario) REFERENCES "Cliente" (id_usuario) ON DELETE No Action ON UPDATE No Action;

ALTER TABLE "Reserva" ADD CONSTRAINT "FK_Reserva_Vehiculo"
    FOREIGN KEY (id_vehiculo) REFERENCES "Vehiculo" (id_vehiculo) ON DELETE No Action ON UPDATE No Action;

ALTER TABLE "Reserva" ADD CONSTRAINT "CHK_Reserva_Fechas"
    CHECK (fecha_fin > fecha_inicio);

ALTER TABLE "Reserva" ADD CONSTRAINT "CHK_Reserva_Estado"
    CHECK (estado IN ('Pendiente', 'Confirmada', 'Cancelada'));

ALTER TABLE "Vehiculo" ADD CONSTRAINT "FK_Vehiculo_Categoria_vehiculo"
    FOREIGN KEY (id_categoria) REFERENCES "Categoria_vehiculo" (id_categoria) ON DELETE No Action ON UPDATE No Action;

ALTER TABLE "Vehiculo" ADD CONSTRAINT "FK_Vehiculo_Sucursal"
    FOREIGN KEY (id_sucursal) REFERENCES "Sucursal" (id_sucursal) ON DELETE No Action ON UPDATE No Action;

ALTER TABLE "Vehiculo" ADD CONSTRAINT "CHK_Vehiculo_Kilometraje"
    CHECK (kilometraje >= 0);

ALTER TABLE "Vehiculo" ADD CONSTRAINT "CHK_Vehiculo_Precio"
    CHECK (precio_dia > 0);

ALTER TABLE "Vehiculo" ADD CONSTRAINT "CHK_Vehiculo_Anio"
    CHECK ("año" BETWEEN 2000 AND 2035);

ALTER TABLE "Vehiculo" ADD CONSTRAINT "CHK_Vehiculo_Estado"
    CHECK (estado IN ('Disponible', 'Alquilado', 'Mantenimiento'));


/* ---------------------------------------------------- */
/* Datos de prueba                                       */
/* ---------------------------------------------------- */

-- Sucursales
INSERT INTO "Sucursal" (id_sucursal, ciudad, telefono, nombre, direccion) VALUES
(1, 'Bogota',      '3001234567', 'Sucursal Centro',   'Calle 10 #20-30'),
(2, 'Medellin',    '3019876543', 'Sucursal El Poblado','Carrera 43A #5-15'),
(3, 'Cali',        '3025551234', 'Sucursal Norte',     'Av 6N #23-10');

-- Categorias de vehiculo
INSERT INTO "Categoria_vehiculo" (id_categoria, nombre_categoria, descripcion) VALUES
(1, 'Sedan',       'Vehiculos familiares de 4 puertas'),
(2, 'SUV',         'Vehiculos todoterreno de mayor capacidad'),
(3, 'Compacto',    'Vehiculos pequeños ideales para ciudad');

-- Vehiculos
INSERT INTO "Vehiculo" (id_vehiculo, placa, marca, "año", modelo, color, kilometraje, precio_dia, estado, id_categoria, id_sucursal) VALUES
(1,  'ABC123', 'Toyota',   2023, 'Corolla',  'Blanco',  12000,  120000, 'Alquilado',    1, 1),
(2,  'XYZ999', 'Honda',    2022, 'Civic',    'Negro',    8000,   90000, 'Disponible',   1, 1),
(3,  'DEF456', 'Chevrolet',2021, 'Tracker',  'Gris',    25000,  150000, 'Disponible',   2, 1),
(4,  'GHI789', 'Mazda',    2023, 'CX-5',     'Rojo',     5000,  180000, 'Disponible',   2, 2),
(5,  'JKL321', 'Renault',  2020, 'Sandero',  'Blanco',  40000,   70000, 'Disponible',   3, 2),
(6,  'MNO654', 'Kia',      2022, 'Picanto',  'Azul',    15000,   65000, 'Mantenimiento',3, 3),
(7,  'PQR987', 'Toyota',   2021, 'RAV4',     'Negro',   30000,  200000, 'Disponible',   2, 3),
(8,  'STU111', 'Nissan',   2023, 'Versa',    'Plata',    3000,   85000, 'Disponible',   1, 1),
(9,  'VWX222', 'Hyundai',  2022, 'Tucson',   'Blanco',  18000,  160000, 'Disponible',   2, 2),
(10, 'YZA333', 'Ford',     2020, 'Fiesta',   'Rojo',    52000,   60000, 'Disponible',   3, 3);

-- Usuarios (clientes, empleados y administrador)
INSERT INTO "Usuario" (id_usuario, nombre, apellido, telefono, email, password, username, estado, fecha_registro) VALUES
(1,  'Juan',      'Perez',      '3111111111', 'juan@test.com',      '1234', 'juanp',      'Activo',   '2026-01-10'),
(2,  'Maria',     'Lopez',      '3122222222', 'maria@test.com',     '1234', 'marial',     'Activo',   '2026-01-15'),
(3,  'Carlos',    'Gomez',      '3133333333', 'carlos@test.com',    '1234', 'carlosg',    'Activo',   '2026-02-01'),
(4,  'Ana',       'Martinez',   '3144444444', 'ana@test.com',       '1234', 'anam',       'Activo',   '2026-02-10'),
(5,  'Luis',      'Rodriguez',  '3155555555', 'luis@test.com',      '1234', 'luisr',      'Activo',   '2026-03-05'),
(6,  'Sofia',     'Torres',     '3166666666', 'sofia@test.com',     '1234', 'sofiat',     'Activo',   '2026-03-20'),
(7,  'Diego',     'Vargas',     '3177777777', 'diego@test.com',     '1234', 'diegov',     'Activo',   '2026-04-01'),
(8,  'Laura',     'Castro',     '3188888888', 'laura@test.com',     '1234', 'laurac',     'Activo',   '2026-04-15'),
(9,  'Admin',     'Sistema',    '3199999999', 'admin@sistema.com',  '9999', 'admin',      'Activo',   '2026-01-01'),
(10, 'Pedro',     'Herrera',    '3200000000', 'pedro@test.com',     '1234', 'pedroh',     'Inactivo', '2026-05-01');

-- Clientes (usuarios 1 al 7)
INSERT INTO "Cliente" (documento, direccion, licencia_conduccion, id_usuario) VALUES
(1001001, 'Calle 45 #20-15',    'LIC001', 1),
(1002002, 'Carrera 7 #80-22',   'LIC002', 2),
(1003003, 'Av 68 #13-40',       'LIC003', 3),
(1004004, 'Calle 100 #15-30',   'LIC004', 4),
(1005005, 'Carrera 15 #72-10',  'LIC005', 5),
(1006006, 'Calle 26 #30-45',    'LIC006', 6),
(1007007, 'Av El Dorado #90-5', 'LIC007', 7);

-- Empleados (usuarios 8 y 9)
INSERT INTO "Empleado" (salario, documento, cargo, id_usuario, id_sucursal) VALUES
(3500000, 1008008, 'Asesor',        8, 1),
(5000000, 1009009, 'Administrador', 9, 1);

-- Administrador
INSERT INTO "Administrador" (documento, nivel_acceso, id_usuario) VALUES
(1009009, 'Total', 9);

-- Alquileres
INSERT INTO "Alquiler" (id_alquiler, fecha_inicio, fecha_fin, estado, id_vehiculo, id_usuario) VALUES
(1,  '2026-01-05', '2026-01-10', 'Finalizado', 2,  1),
(2,  '2026-01-15', '2026-01-20', 'Finalizado', 3,  2),
(3,  '2026-02-01', '2026-02-07', 'Finalizado', 4,  3),
(4,  '2026-02-10', '2026-02-15', 'Finalizado', 5,  4),
(5,  '2026-03-01', '2026-03-05', 'Finalizado', 7,  5),
(6,  '2026-03-10', '2026-03-18', 'Finalizado', 9,  6),
(7,  '2026-04-01', '2026-04-06', 'Cancelado',  8,  7),
(8,  '2026-04-15', '2026-04-20', 'Finalizado', 2,  1),
(9,  '2026-05-01', '2026-05-08', 'Finalizado', 3,  2),
(10, '2026-05-20', '2026-05-25', 'Activo',      1,  1);

-- Pagos
INSERT INTO "Pago" (id_pago, fecha_pago, monto, metodo_pago, estado, id_alquiler) VALUES
(1,  '2026-01-05', 450000,  'Tarjeta',     'Completado', 1),
(2,  '2026-01-15', 750000,  'Efectivo',    'Completado', 2),
(3,  '2026-02-01', 1080000, 'Tarjeta',     'Completado', 3),
(4,  '2026-02-10', 350000,  'Transferencia','Completado', 4),
(5,  '2026-03-01', 800000,  'Tarjeta',     'Completado', 5),
(6,  '2026-03-10', 1280000, 'Efectivo',    'Completado', 6),
(7,  '2026-04-15', 425000,  'Tarjeta',     'Completado', 8),
(8,  '2026-05-01', 1050000, 'Transferencia','Completado', 9),
(9,  '2026-05-18', 350000,  'Tarjeta',     'Completado', 10),
(10, '2026-05-19', 250000,  'Efectivo',    'Pendiente',  10);

-- Multas (solo algunos alquileres tienen multas)
INSERT INTO "Multa" (id_multa, descripcion, monto, fecha, id_alquiler) VALUES
(1, 'Rayón en puerta trasera derecha',  150000, '2026-01-10', 1),
(2, 'Tanque de gasolina incompleto',     50000, '2026-01-20', 2),
(3, 'Retardo en devolución 2 horas',     80000, '2026-05-08', 9);

-- Mantenimientos
INSERT INTO "Mantenimiento" (id_mantenimiento, fecha, descripcion, costo, id_vehiculo) VALUES
(1, '2026-02-20', 'Cambio de aceite y filtros',          180000, 6),
(2, '2026-03-15', 'Revisión de frenos y pastillas',      250000, 6),
(3, '2026-04-10', 'Cambio de llantas traseras',          620000, 10),
(4, '2026-05-05', 'Alineación y balanceo',                90000, 5);

-- Reservas
INSERT INTO "Reserva" (id_reserva, fecha_inicio, fecha_fin, estado, id_vehiculo, id_usuario) VALUES
(1, '2026-06-01', '2026-06-05', 'Confirmada', 3, 3),
(2, '2026-06-10', '2026-06-15', 'Pendiente',  4, 4),
(3, '2026-06-20', '2026-06-25', 'Pendiente',  7, 5),
(4, '2026-07-01', '2026-07-07', 'Confirmada', 9, 6),
(5, '2026-07-10', '2026-07-12', 'Cancelada',  2, 7);
