/* ---------------------------------------------------- */ 
/* Generated by Enterprise Architect Version 15.0      */ 
/* DBMS       : PostgreSQL                             */ 
/* ---------------------------------------------------- */ 

/* Drop Tables */ 

DROP TABLE IF EXISTS administrador CASCADE;
DROP TABLE IF EXISTS alquiler CASCADE;
DROP TABLE IF EXISTS categoria_vehiculo CASCADE;
DROP TABLE IF EXISTS cliente CASCADE;
DROP TABLE IF EXISTS empleado CASCADE;
DROP TABLE IF EXISTS mantenimiento CASCADE;
DROP TABLE IF EXISTS multa CASCADE;
DROP TABLE IF EXISTS pago CASCADE;
DROP TABLE IF EXISTS reserva CASCADE;
DROP TABLE IF EXISTS sucursal CASCADE;
DROP TABLE IF EXISTS usuario CASCADE;
DROP TABLE IF EXISTS vehiculo CASCADE;

/* Create Tables */ 

CREATE TABLE administrador
(
    nivel_acceso varchar(50) NOT NULL,
    id_usuario integer NOT NULL -- Es FK de usuario
);

CREATE TABLE alquiler
(
    id_alquiler SERIAL,
    fecha_inicio date NOT NULL,
    fecha_fin date NOT NULL,
    estado varchar(15) NOT NULL,
    id_vehiculo integer NOT NULL,
    id_usuario integer NULL
);

CREATE TABLE categoria_vehiculo
(
    id_categoria SERIAL,
    nombre_categoria varchar(50) NOT NULL,
    descripcion varchar(150) NOT NULL
);

CREATE TABLE cliente
(
    direccion varchar(50) NOT NULL,
    licencia_conduccion varchar(50) NOT NULL,
    id_usuario integer NOT NULL -- Es FK de usuario
);

CREATE TABLE empleado
(
    salario numeric(10,2) NOT NULL,
    cargo varchar(50) NOT NULL,
    id_usuario integer NOT NULL, -- Es FK de usuario
    id_sucursal integer NOT NULL
);

CREATE TABLE mantenimiento
(
    id_mantenimiento SERIAL,
    fecha date NOT NULL,
    descripcion varchar(200) NOT NULL,
    costo numeric(10,2) NOT NULL,
    id_vehiculo integer NOT NULL
);

CREATE TABLE multa
(
    id_multa SERIAL,
    descripcion varchar(250) NOT NULL,
    monto numeric(10,2) NOT NULL,
    fecha date NOT NULL,
    id_alquiler integer NOT NULL
);

CREATE TABLE pago
(
    id_pago SERIAL,
    fecha_pago date NOT NULL,
    monto numeric(10,2) NOT NULL,
    metodo_pago varchar(50) NOT NULL,
    estado varchar(15) NOT NULL,
    id_alquiler integer NOT NULL
);

CREATE TABLE reserva
(
    id_reserva SERIAL,
    fecha_inicio date NOT NULL,
    fecha_fin date NOT NULL,
    estado varchar(15) NOT NULL,
    id_vehiculo integer NOT NULL,
    id_usuario integer NULL
);

CREATE TABLE sucursal
(
    id_sucursal SERIAL,
    ciudad varchar(50) NOT NULL,
    telefono varchar(50) NOT NULL,
    nombre varchar(50) NOT NULL,
    direccion varchar(50) NOT NULL
);

CREATE TABLE usuario
(
    id_usuario SERIAL,
    documento integer NOT NULL,
    nombre varchar(50) NOT NULL,
    apellido varchar(50) NOT NULL,
    telefono varchar(50) NOT NULL,
    email varchar(50) NOT NULL,
    password varchar(50) NOT NULL,
    username varchar(50) NOT NULL,
    estado varchar(50) NOT NULL,
    fecha_registro date NOT NULL
);

CREATE TABLE vehiculo
(
    id_vehiculo SERIAL,
    placa varchar(6) NOT NULL,
    marca varchar(50) NOT NULL,
    "año" integer NOT NULL,
    modelo varchar(50) NOT NULL,
    color varchar(50) NOT NULL,
    kilometraje integer NOT NULL,
    precio_dia numeric NOT NULL,
    estado varchar(15) NOT NULL,
    id_categoria integer NOT NULL,
    id_sucursal integer NOT NULL
);

/* Create Primary Keys, Indexes, Uniques, Checks */ 

ALTER TABLE administrador ADD CONSTRAINT pk_administrador PRIMARY KEY (id_usuario);
CREATE INDEX ixfk_administrador_usuario ON administrador (id_usuario ASC);

ALTER TABLE alquiler ADD CONSTRAINT pk_alquiler PRIMARY KEY (id_alquiler);
CREATE INDEX ixfk_alquiler_cliente ON alquiler (id_usuario ASC);
CREATE INDEX ixfk_alquiler_vehiculo ON alquiler (id_vehiculo ASC);

ALTER TABLE categoria_vehiculo ADD CONSTRAINT pk_categoria_vehiculo PRIMARY KEY (id_categoria);

ALTER TABLE cliente ADD CONSTRAINT pk_cliente PRIMARY KEY (id_usuario);
CREATE INDEX ixfk_cliente_usuario ON cliente (id_usuario ASC);

ALTER TABLE empleado ADD CONSTRAINT pk_empleado PRIMARY KEY (id_usuario);
CREATE INDEX ixfk_empleado_sucursal ON empleado (id_sucursal ASC);
CREATE INDEX ixfk_empleado_usuario ON empleado (id_usuario ASC);

ALTER TABLE mantenimiento ADD CONSTRAINT pk_mantenimiento PRIMARY KEY (id_mantenimiento);
CREATE INDEX ixfk_mantenimiento_vehiculo ON mantenimiento (id_vehiculo ASC);

ALTER TABLE multa ADD CONSTRAINT pk_multa PRIMARY KEY (id_multa);
CREATE INDEX ixfk_multa_alquiler ON multa (id_alquiler ASC);

ALTER TABLE pago ADD CONSTRAINT pk_pago PRIMARY KEY (id_pago);
CREATE INDEX ixfk_pago_alquiler ON pago (id_alquiler ASC);

ALTER TABLE reserva ADD CONSTRAINT pk_reserva PRIMARY KEY (id_reserva);
CREATE INDEX ixfk_reserva_cliente ON reserva (id_usuario ASC);
CREATE INDEX ixfk_reserva_vehiculo ON reserva (id_vehiculo ASC);

ALTER TABLE sucursal ADD CONSTRAINT pk_sucursal PRIMARY KEY (id_sucursal);
ALTER TABLE usuario ADD CONSTRAINT pk_usuario PRIMARY KEY (id_usuario);
ALTER TABLE usuario ADD CONSTRAINT uq_usuario_documento UNIQUE (documento); -- Agregué UNIQUE por ser documento
ALTER TABLE vehiculo ADD CONSTRAINT pk_vehiculo PRIMARY KEY (id_vehiculo);

CREATE INDEX ixfk_vehiculo_categoria_vehiculo ON vehiculo (id_categoria ASC);
CREATE INDEX ixfk_vehiculo_sucursal ON vehiculo (id_sucursal ASC);

/* Create Foreign Key Constraints */ 

ALTER TABLE administrador ADD CONSTRAINT fk_administrador_usuario
    FOREIGN KEY (id_usuario) REFERENCES usuario (id_usuario) ON DELETE No Action ON UPDATE No Action;

ALTER TABLE alquiler ADD CONSTRAINT fk_alquiler_cliente
    FOREIGN KEY (id_usuario) REFERENCES cliente (id_usuario) ON DELETE No Action ON UPDATE No Action;

ALTER TABLE alquiler ADD CONSTRAINT fk_alquiler_vehiculo
    FOREIGN KEY (id_vehiculo) REFERENCES vehiculo (id_vehiculo) ON DELETE No Action ON UPDATE No Action;

ALTER TABLE alquiler ADD CONSTRAINT chk_alquiler_fechas
    CHECK (fecha_fin > fecha_inicio);

ALTER TABLE alquiler ADD CONSTRAINT chk_alquiler_estado
    CHECK (estado IN ('Activo', 'Finalizado', 'Cancelado'));

ALTER TABLE cliente ADD CONSTRAINT fk_cliente_usuario
    FOREIGN KEY (id_usuario) REFERENCES usuario (id_usuario) ON DELETE No Action ON UPDATE No Action;

ALTER TABLE empleado ADD CONSTRAINT fk_empleado_sucursal
    FOREIGN KEY (id_sucursal) REFERENCES sucursal (id_sucursal) ON DELETE No Action ON UPDATE No Action;

ALTER TABLE empleado ADD CONSTRAINT fk_empleado_usuario
    FOREIGN KEY (id_usuario) REFERENCES usuario (id_usuario) ON DELETE No Action ON UPDATE No Action;

ALTER TABLE mantenimiento ADD CONSTRAINT fk_mantenimiento_vehiculo
    FOREIGN KEY (id_vehiculo) REFERENCES vehiculo (id_vehiculo) ON DELETE No Action ON UPDATE No Action;

ALTER TABLE mantenimiento ADD CONSTRAINT chk_mantenimiento_costo
    CHECK (costo >= 0);

ALTER TABLE multa ADD CONSTRAINT fk_multa_alquiler
    FOREIGN KEY (id_alquiler) REFERENCES alquiler (id_alquiler) ON DELETE No Action ON UPDATE No Action;

ALTER TABLE pago ADD CONSTRAINT fk_pago_alquiler
    FOREIGN KEY (id_alquiler) REFERENCES alquiler (id_alquiler) ON DELETE No Action ON UPDATE No Action;

ALTER TABLE pago ADD CONSTRAINT chk_pago_monto
    CHECK (monto > 0);

ALTER TABLE reserva ADD CONSTRAINT fk_reserva_cliente
    FOREIGN KEY (id_usuario) REFERENCES cliente (id_usuario) ON DELETE No Action ON UPDATE No Action;

ALTER TABLE reserva ADD CONSTRAINT fk_reserva_vehiculo
    FOREIGN KEY (id_vehiculo) REFERENCES vehiculo (id_vehiculo) ON DELETE No Action ON UPDATE No Action;

ALTER TABLE reserva ADD CONSTRAINT chk_reserva_fechas
    CHECK (fecha_fin > fecha_inicio);

ALTER TABLE reserva ADD CONSTRAINT chk_reserva_estado
    CHECK (estado IN ('Pendiente', 'Confirmada', 'Cancelada'));

ALTER TABLE vehiculo ADD CONSTRAINT fk_vehiculo_categoria_vehiculo
    FOREIGN KEY (id_categoria) REFERENCES categoria_vehiculo (id_categoria) ON DELETE No Action ON UPDATE No Action;

ALTER TABLE vehiculo ADD CONSTRAINT fk_vehiculo_sucursal
    FOREIGN KEY (id_sucursal) REFERENCES sucursal (id_sucursal) ON DELETE No Action ON UPDATE No Action;

ALTER TABLE vehiculo ADD CONSTRAINT chk_vehiculo_kilometraje
    CHECK (kilometraje >= 0);

ALTER TABLE vehiculo ADD CONSTRAINT chk_vehiculo_precio
    CHECK (precio_dia > 0);

ALTER TABLE vehiculo ADD CONSTRAINT chk_vehiculo_anio
    CHECK ("año" BETWEEN 2000 AND 2035);

ALTER TABLE vehiculo ADD CONSTRAINT chk_vehiculo_estado
    CHECK (estado IN ('Disponible', 'Alquilado', 'Mantenimiento'));


/* ---------------------------------------------------- */
/* Datos de prueba                                      */
/* ---------------------------------------------------- */

-- Sucursales
INSERT INTO sucursal (id_sucursal, ciudad, telefono, nombre, direccion) VALUES
(1, 'Bogota',      '3001234567', 'Sucursal Centro',   'Calle 10 #20-30'),
(2, 'Medellin',    '3019876543', 'Sucursal El Poblado','Carrera 43A #5-15'),
(3, 'Cali',        '3025551234', 'Sucursal Norte',     'Av 6N #23-10');

-- Categorias de vehiculo
INSERT INTO categoria_vehiculo (id_categoria, nombre_categoria, descripcion) VALUES
(1, 'Sedan',       'Vehiculos familiares de 4 puertas'),
(2, 'SUV',         'Vehiculos todoterreno de mayor capacidad'),
(3, 'Compacto',    'Vehiculos pequeños ideales para ciudad');

-- Vehiculos
INSERT INTO vehiculo (id_vehiculo, placa, marca, "año", modelo, color, kilometraje, precio_dia, estado, id_categoria, id_sucursal) VALUES
(1,  'ABC123', 'Toyota',   2023, 'Corolla',  'Blanco',  12000,  120000, 'Alquilado',    1, 1),
(2,  'XYZ999', 'Honda',    2022, 'Civic',    'Negro',    8000,   90000, 'Disponible',   1, 1),
(3,  'DEF456', 'Chevrolet',2021, 'Tracker',  'Gris',    25000,  150000, 'Disponible',   2, 1),
(4,  'GHI789', 'Mazda',    2023, 'CX-5',     'Rojo',     5000,  180000, 'Disponible',   2, 2),
(5,  'JKL321', 'Renault',  2020, 'Sandero',  'Blanco',  40000,   70000, 'Disponible',   3, 2),
(6,  'MNO654', 'Kia',      2022, 'Picanto',  'Azul',    15000,   65000, 'Mantenimiento',3, 3),
(7,  'PQR987', 'Toyota',   2021, 'RAV4',     'Negro',   30000,  200000, 'Disponible',   2, 3),
(8,  'STU111', 'Nissan',   2023, 'Versa',    'Plata',    3000,   85000, 'Disponible',   1, 1),
(9,  'VWX222', 'Hyundai',  2022, 'Tucson',   'Blanco',  18000,  160000, 'Disponible',   2, 2),
(10, 'YZA333', 'Ford',     2020, 'Fiesta',   'Rojo',    52000,   60000, 'Disponible',   3, 3);

-- Usuarios (Ahora con documento en la tabla principal)
INSERT INTO usuario (id_usuario, documento, nombre, apellido, telefono, email, password, username, estado, fecha_registro) VALUES
(1,  1001001, 'Juan',      'Perez',      '3111111111', 'juan@test.com',      '1234', 'juanp',      'Activo',   '2026-01-10'),
(2,  1002002, 'Maria',     'Lopez',      '3122222222', 'maria@test.com',     '1234', 'marial',     'Activo',   '2026-01-15'),
(3,  1003003, 'Carlos',    'Gomez',      '3133333333', 'carlos@test.com',    '1234', 'carlosg',    'Activo',   '2026-02-01'),
(4,  1004004, 'Ana',       'Martinez',   '3144444444', 'ana@test.com',       '1234', 'anam',       'Activo',   '2026-02-10'),
(5,  1005005, 'Luis',      'Rodriguez',  '3155555555', 'luis@test.com',      '1234', 'luisr',      'Activo',   '2026-03-05'),
(6,  1006006, 'Sofia',     'Torres',     '3166666666', 'sofia@test.com',     '1234', 'sofiat',     'Activo',   '2026-03-20'),
(7,  1007007, 'Diego',     'Vargas',     '3177777777', 'diego@test.com',     '1234', 'diegov',     'Activo',   '2026-04-01'),
(8,  1008008, 'Laura',     'Castro',     '3188888888', 'laura@test.com',     '1234', 'laurac',     'Activo',   '2026-04-15'),
(9,  1009009, 'Admin',     'Sistema',    '3199999999', 'admin@sistema.com',  '9999', 'admin',      'Activo',   '2026-01-01'),
(10, 1010010, 'Pedro',     'Herrera',    '3200000000', 'pedro@test.com',     '1234', 'pedroh',     'Inactivo', '2026-05-01');

-- Clientes (usuarios 1 al 7) - Ya no llevan el documento
INSERT INTO cliente (direccion, licencia_conduccion, id_usuario) VALUES
('Calle 45 #20-15',    'LIC001', 1),
('Carrera 7 #80-22',   'LIC002', 2),
('Av 68 #13-40',       'LIC003', 3),
('Calle 100 #15-30',   'LIC004', 4),
('Carrera 15 #72-10',  'LIC005', 5),
('Calle 26 #30-45',    'LIC006', 6),
('Av El Dorado #90-5', 'LIC007', 7);

-- Empleados (usuarios 8 y 9) - Ya no llevan el documento
INSERT INTO empleado (salario, cargo, id_usuario, id_sucursal) VALUES
(3500000, 'Asesor',        8, 1),
(5000000, 'Administrador', 9, 1);

-- Administrador - Ya no lleva el documento
INSERT INTO administrador (nivel_acceso, id_usuario) VALUES
('Total', 9);

-- Alquileres
INSERT INTO alquiler (id_alquiler, fecha_inicio, fecha_fin, estado, id_vehiculo, id_usuario) VALUES
(1,  '2026-01-05', '2026-01-10', 'Finalizado', 2,  1),
(2,  '2026-01-15', '2026-01-20', 'Finalizado', 3,  2),
(3,  '2026-02-01', '2026-02-07', 'Finalizado', 4,  3),
(4,  '2026-02-10', '2026-02-15', 'Finalizado', 5,  4),
(5,  '2026-03-01', '2026-03-05', 'Finalizado', 7,  5),
(6,  '2026-03-10', '2026-03-18', 'Finalizado', 9,  6),
(7,  '2026-04-01', '2026-04-06', 'Cancelado',  8,  7),
(8,  '2026-04-15', '2026-04-20', 'Finalizado', 2,  1),
(9,  '2026-05-01', '2026-05-08', 'Finalizado', 3,  2),
(10, '2026-05-20', '2026-05-25', 'Activo',      1,  1);

-- Pagos
INSERT INTO pago (id_pago, fecha_pago, monto, metodo_pago, estado, id_alquiler) VALUES
(1,  '2026-01-05', 450000,  'Tarjeta',     'Completado', 1),
(2,  '2026-01-15', 750000,  'Efectivo',    'Completado', 2),
(3,  '2026-02-01', 1080000, 'Tarjeta',     'Completado', 3),
(4,  '2026-02-10', 350000,  'Transferencia','Completado', 4),
(5,  '2026-03-01', 800000,  'Tarjeta',     'Completado', 5),
(6,  '2026-03-10', 1280000, 'Efectivo',    'Completado', 6),
(7,  '2026-04-15', 425000,  'Tarjeta',     'Completado', 8),
(8,  '2026-05-01', 1050000, 'Transferencia','Completado', 9),
(9,  '2026-05-18', 350000,  'Tarjeta',     'Completado', 10),
(10, '2026-05-19', 250000,  'Efectivo',    'Pendiente',  10);

-- Multas
INSERT INTO multa (id_multa, descripcion, monto, fecha, id_alquiler) VALUES
(1, 'Rayón en puerta trasera derecha',  150000, '2026-01-10', 1),
(2, 'Tanque de gasolina incompleto',     50000, '2026-01-20', 2),
(3, 'Retardo en devolución 2 horas',     80000, '2026-05-08', 9);

-- Mantenimientos
INSERT INTO mantenimiento (id_mantenimiento, fecha, descripcion, costo, id_vehiculo) VALUES
(1, '2026-02-20', 'Cambio de aceite y filtros',          180000, 6),
(2, '2026-03-15', 'Revisión de frenos y pastillas',      250000, 6),
(3, '2026-04-10', 'Cambio de llantas traseras',          620000, 10),
(4, '2026-05-05', 'Alineación y balanceo',                90000, 5);

-- Reservas
INSERT INTO reserva (id_reserva, fecha_inicio, fecha_fin, estado, id_vehiculo, id_usuario) VALUES
(1, '2026-06-01', '2026-06-05', 'Confirmada', 3, 3),
(2, '2026-06-10', '2026-06-15', 'Pendiente',  4, 4),
(3, '2026-06-20', '2026-06-25', 'Pendiente',  7, 5),
(4, '2026-07-01', '2026-07-07', 'Confirmada', 9, 6),
(5, '2026-07-10', '2026-07-12', 'Cancelada',  2, 7);

SELECT setval('alquiler_id_alquiler_seq', (SELECT MAX(id_alquiler) FROM alquiler));
SELECT setval('categoria_vehiculo_id_categoria_seq', (SELECT MAX(id_categoria) FROM categoria_vehiculo));
SELECT setval('mantenimiento_id_mantenimiento_seq', (SELECT MAX(id_mantenimiento) FROM mantenimiento));
SELECT setval('multa_id_multa_seq', (SELECT MAX(id_multa) FROM multa));
SELECT setval('pago_id_pago_seq', (SELECT MAX(id_pago) FROM pago));
SELECT setval('reserva_id_reserva_seq', (SELECT MAX(id_reserva) FROM reserva));
SELECT setval('sucursal_id_sucursal_seq', (SELECT MAX(id_sucursal) FROM sucursal));
SELECT setval('usuario_id_usuario_seq', (SELECT MAX(id_usuario) FROM usuario));
SELECT setval('vehiculo_id_vehiculo_seq', (SELECT MAX(id_vehiculo) FROM vehiculo));
